"","UMAP_1","UMAP_2"
"C01762",-1.93680446846771,3.33424560727245
"C01763",-3.08385794861603,3.51222436131603
"C01764",-2.19099539025116,2.86205904187328
"C01765",-1.53831499321747,2.08723871411449
"C01766",-1.95941417916107,2.63259188832409
"C01767",-1.26214760048675,2.8918816298402
"C01768",-4.757649833992,-2.19515044985646
"C01769",-2.22237556679535,2.7321223467744
"C01771",-1.93424242241669,2.29582397641307
"C01772",-1.66937916977691,3.40955273808605
"C01773",-1.25171774132538,2.78266327084667
"C01775",-2.24182885391998,-1.30882795153492
"C01776",-1.98544805748749,3.72987739743358
"C01777",-2.44770901902008,-2.51072771845692
"C01778",-4.40794223053741,-0.202777162178692
"C01780",-0.64063566429901,-1.61185367403859
"C01781",-3.21723073227691,-2.20368011294239
"C01782",-2.54051726563263,-1.89508791266316
"C01783",-1.24995916588592,-2.43323405085438
"C01784",-0.227281029060362,-2.41968162356251
"C01785",-0.315114433601378,-1.7272659092986
"C01787",0.406049435302736,-1.63089556990498
"C01788",-3.98186486466217,-2.46530540285939
"C01789",-3.34661715729523,-2.61294205485218
"C01790",-2.0096885512619,-2.71374829111927
"C01791",-1.50183742745209,-1.46204824744099
"C01793",-4.0393938372879,-2.32908208666676
"C01795",-1.36821716530609,-2.44756014643544
"C01796",-5.06594985230255,-0.220023184999164
"C01797",-0.806267435386656,-4.28865440188282
"C01798",-1.58616369469452,-2.13573272524708
"C01799",-1.53952377541351,-1.49843855200642
"C01800",-3.16244595749664,-2.33326180277699
"C01801",-1.76510613663483,-2.12987740336293
"C01803",1.03166640298081,-3.72333653269642
"C01804",-1.2121986697464,-2.40714700518483
"C01805",-3.79222434265899,-2.60958726702565
"C01806",-1.85916703446197,-2.08808882532948
"C01807",-0.833910162284849,-4.26151950655812
"C01808",-4.01996653778839,-2.05763800440663
"C01809",-2.4297370265274,-1.97421927748555
"C01810",-5.68498652680206,-0.850511446579632
"C01811",-3.81550591690826,-2.00191684065693
"C01812",-0.337126667335509,-2.47163064776295
"C01813",-4.97461693985748,0.0157036110914386
"C01814",-1.10343831284332,-2.12314064799183
"C01815",-3.73265784485626,-2.58667452631825
"C01816",-3.44383137924957,-2.21246774493092
"C01817",5.07182223097992,-1.72054012118214
"C01818",-3.5120820353775,-0.0324015552022421
"C01819",2.70809621112061,0.504419848338429
"C01820",-4.36871236069488,-1.42272599039906
"C01821",4.43024307982636,-1.0664923935973
"C01822",-3.20439379914093,-0.0602160915576779
"C01825",-5.24632256729889,-0.0177590884112679
"C01826",-4.29366152985382,3.00875417889721
"C01829",-4.20748942597198,1.55824653805858
"C01833",-0.0815295527725204,-1.03487427531117
"C01835",-5.15358679993439,-0.0253745280487156
"C01837",-5.64447110398102,-0.247885167583164
"C01840",-4.12890856964874,1.67991118134624
"C01841",0.0423467804641739,-1.15684528647297
"C01842",2.09799984590721,-3.02784021197193
"C01843",0.786382560894014,-3.1507585793578
"C01844",1.17335099475098,-2.92533452807301
"C01845",-4.16853802902985,-2.27581389246815
"C01846",0.389409845039369,-1.57834155856007
"C01848",-3.97752946121979,-1.86361332236164
"C01849",3.62050241725159,2.07170479001171
"C01850",0.846886937782289,-3.04016144572132
"C01851",0.183206861183168,-1.27781338988179
"C01852",-2.33434432251739,3.90953890980846
"C01854",-3.58816903336334,-1.58597846327656
"C01855",-4.80719845993805,2.0614749640382
"C01856",-1.19457095368194,-3.7835768014037
"C01857",5.60169274108124,-1.46686525641316
"C01858",-4.49922650559235,2.11432664097911
"C01859",1.90484546618176,-3.31228192149037
"C01860",-3.15933888657379,-1.21514184771412
"C01861",1.27534759537888,-3.01356013117665
"C01862",-1.20634549362945,-3.90245111285084
"C01863",2.13701677815628,-3.04012568293446
"C01864",1.83063718797279,-3.29740364848011
"C01865",2.73358989255142,0.565277501956288
"C01866",2.76084018246842,0.415408000365559
"C01867",0.615614597961427,-2.33153875170582
"C01868",-1.2567920039444,-3.88273198901051
"C01869",-1.43705957634735,4.61106388272411
"C01870",-3.90556948883819,-1.83685405550831
"C01871",-3.91724150879669,-1.48660691080922
"C01873",2.60683656232071,0.543778464213673
"C01874",-4.15652459366608,2.08697406949169
"C01875",-3.86537879212189,3.0139941424287
"C01876",-2.60887044174957,3.10496871174938
"C01877",-4.40401404602814,2.71393887700206
"C01878",1.69165590153647,-3.07553155718678
"C01881",-4.12504142029571,-2.56809218226307
"C01882",1.68436103062344,-3.17066653071278
"C01883",1.64662904040528,-3.15717537699574
"C01884",1.08037859694672,-2.891221120938
"C01885",-2.26544898255157,0.0185746885991729
"C01887",-3.92790168030548,-0.849067643269237
"C01890",-1.52349084122467,2.30044905842907
"C01899",-2.94596522553253,-2.0614498406493
"C01900",-1.12797206147003,-4.56652124224537
"C01903",-1.15769189102936,2.54347650708324
"C01904",-1.34843128426361,-4.47592885790699
"C01907",-3.56886571152496,-1.15837068854206
"C01908",-0.948192293479918,2.95003716649181
"C01911",-3.70049231751251,-0.271897330864605
"C01915",-4.05829089386749,-0.850706294163402
"C01918",-1.1436168502121,2.56093351544506
"C01921",-2.27815144760895,-1.33119757471913
"C01922",-0.867957765892027,2.36678664387828
"C01924",-2.90851824982452,-2.04854829607838
"C01928",-4.54295151932526,-1.163353517636
"C01933",-1.98806398613739,4.23094265164501
"C01935",-0.982412035301207,2.90843503178722
"C01936",-3.47963422043609,0.173719868079487
"C01938",4.77230388419342,-0.612012758835491
"C01939",-3.70356314881134,-1.28964324293965
"C01941",-0.456161911323546,-4.445664480313
"C01945",-2.44638388855743,3.57656638325817
"C01946",-3.79089682801056,0.147718712703053
"C01952",-2.298909599617,2.43049471081859
"C01955",-4.80851977570343,-0.658096149548229
"C01957",-2.85849946244049,-0.628023818119701
"C01960",0.701641385719301,-4.21848542986744
"C01961",-0.951590235069273,2.92604772748119
"C01965",-2.53972428543854,3.48467700184948
"C01966",-3.26269000275421,0.0726039558804668
"C01972",-4.62335532410431,-1.640648439511
"C01975",-4.81179373963165,-0.741623058899578
"C01978",-3.9541305850296,3.58790270985729
"C01979",-3.95612376435089,3.62103454770214
"C01980",-3.81790822251129,0.199745163337056
"C01984",-4.58902066452789,-1.64518089590901
"C01985",-3.2197875331192,3.98655693234569
"C01986",-3.23495381577301,4.16670458020336
"C01987",-2.8486766169815,3.94200985135204
"C01988",-3.20913117630768,3.93901030720836
"C01989",-2.74240916474151,3.7614454478181
"C01990",-3.19812243683624,4.28498928250438
"C01991",-3.25198167069244,3.55016581715709
"C01992",-2.94463914139557,4.21926157178051
"C01993",-4.1311120341568,3.28526942433483
"C01994",1.26010936991882,-2.88689668475026
"C01995",0.917465334102632,-2.80608327685231
"C01996",-1.12559097512054,-2.45887859164112
"C01997",0.505869572326662,-2.61631472407215
"C01998",-2.22552436096954,-2.46788151560658
"C01999",-0.929343635871886,2.50623433293468
"C02000",0.514560644790651,-2.56219871340626
"C02001",-4.62510197861481,1.80093102158672
"C02002",-4.25707381470489,3.34523408116466
"C02003",0.373671238586427,-2.51528604327076
"C02004",1.27676696078491,-2.94625003634327
"C02005",-1.61074131233978,-2.4900022297942
"C02006",-1.21596091492462,-2.52623160181874
"C02007",-4.17075818283844,1.93077795209057
"C02008",-1.52703350289154,-2.04690845309132
"C02009",0.630712573692323,-2.59823592005604
"C02010",5.09760767714691,-1.78325803576344
"C02011",-4.33405726654816,3.10045115651256
"C02012",0.923262481853487,-1.83921034632557
"C02013",5.14235765235138,-1.6709446459853
"C02014",-4.8545007060318,1.81245188416607
"C02016",-2.68660443527984,2.32833950223095
"C02017",-4.65778439743805,-2.40280015765065
"C02018",-1.79746573670196,-2.60356719790333
"C02019",-0.85594361527252,2.43841950596935
"C02020",-1.21521442635345,-2.41599853335255
"C02021",-2.4587487529068,-2.78232057391041
"C02022",-4.2328810046463,2.76865594090587
"C02023",0.817116742298128,-1.8364423066222
"C02025",-1.27263992531586,-2.3007784634673
"C02026",-4.48415797455597,1.77744977177745
"C02027",-2.58310931427765,2.24622146786815
"C02028",-4.23628943665314,1.86476366223461
"C02029",-2.39941876633453,-2.38901837168568
"C02030",0.698140924140932,-2.83103068171376
"C02031",1.49358004824829,-3.47211058436268
"C02032",0.491121833488466,-2.52142579851979
"C02033",0.837914590999605,-2.75243814288014
"C02034",1.48903999225807,-3.41602022944325
"C02035",-3.86086600525665,0.615387782470051
"C02036",-0.985356266334532,1.7360856980241
"C02037",-3.8387946437149,0.429256394521061
"C02038",-4.75887768967438,-1.16959412394398
"C02040",-3.4224824260025,3.82891885937816
"C02041",-1.605634624794,2.67640249432689
"C02042",-2.95384162171173,1.76491062344677
"C02044",-2.1094097445755,0.728930518046681
"C02045",1.58515991763783,-4.52430303393238
"C02046",-3.25177472336578,-2.81058771906727
"C02047",-3.05611270172882,-0.84651394186848
"C02048",-4.72344201309967,2.28786127270824
"C02049",-3.84424918396759,-2.42841847239369
"C02050",-4.28066390259552,2.42528764905101
"C02051",-3.26364653809357,-2.42807562647694
"C02052",-5.49856513245392,-1.44278116522663
"C02053",-1.72605221970367,2.65141503514415
"C02054",-3.69165366394806,3.42479817570812
"C02055",-4.40510886414337,2.77558295430309
"C02056",-4.13388293488312,1.3597372025407
"C02057",1.97662535803032,-4.9083429127776
"C02058",-4.13267987473297,2.58197943867809
"C02059",-4.78369229538727,-0.709538117035564
"C02060",-3.45033257706451,-1.10004527865284
"C02062",-3.06714957459259,1.24381534756786
"C02063",-2.90980618698883,2.10091130437023
"C02064",-2.6251077006607,3.40598766507274
"C02065",-2.84160416825104,1.58136837185985
"C02066",-3.24676936371612,-1.03059776125782
"C02067",1.84602163480234,-3.68274720011586
"C02068",-3.04465001328277,2.19251386822826
"C02069",-2.4298180888443,3.19615308941967
"C02070",1.89116256432247,-4.73989637194508
"C02071",-2.12542169792938,0.653329715148274
"C02072",-0.887428219154356,0.115071654335324
"C02073",-3.75027554734039,-2.40340526400441
"C02075",-3.39831155045318,-2.44270260630482
"C02076",1.41939872996521,-4.58191068468922
"C02077",1.73516213269544,-4.66528852282399
"C02078",-1.30688160164642,3.06772176922924
"C02079",-3.62927382691192,2.41003505887157
"C02080",-3.60906308396149,-2.69609268008107
"C02081",-3.99358981354523,-2.44647009669178
"C02082",-0.607327396705626,0.158755391851727
"C02083",-3.25323909027862,-2.68875296412342
"C02084",-4.29524844391632,2.78087131680614
"C02085",2.15174574153137,-4.85493047533863
"C02086",-2.83272546036529,-2.97208817301625
"C02087",-2.6558694194107,-3.06942923365467
"C02088",-3.8810743640213,-2.44395692644947
"C02089",-4.13971608383942,1.47726647557384
"C02091",-4.09989588959503,2.64969913663036
"C02092",-4.85151665909576,1.71368889512188
"C02093",-3.3700994799881,-2.24463732539051
"C02094",-3.17316668732452,0.876714393512074
"C02095",-3.5394954036026,2.87167231740123
"C02096",-4.03234427674103,-2.58964093027943
"C02097",-2.90002196533966,2.20298545064098
"C02098",-4.90353053314972,-1.59298212824696
"C02099",-3.74235146744537,2.87688653172619
"C02100",-2.98663514359283,-2.6726570874297
"C02102",0.0495778967590348,-1.55734224615925
"C02103",-3.93623250229645,-2.55243356524342
"C02104",1.84427259610605,-3.74139650164479
"C02106",-4.41840451462555,2.38319580258495
"C02107",-3.08146804077911,0.788349136725727
"C02110",-5.16640847428131,-0.887784197910961
"C02111",-3.29660361511993,-2.33439882098072
"C02112",-1.67402857048797,3.1356183737672
"C02114",-3.46403735382843,-1.19156558810109
"C02115",-4.99424451096344,-1.17589731512898
"C02116",-2.89047759278107,-0.776268973931011
"C02117",-3.38129657013702,-1.04562337694996
"C02118",-4.57683509095001,-1.04024417696827
"C02119",-1.57874911530304,2.98583213986522
"C02120",-1.7448975394516,3.60959307850963
"C02122",-1.99926703675079,3.97513477505809
"C02123",-5.43973057968902,-1.34585650263661
"C02124",-5.03438418610382,-1.07559569178456
"C02125",-0.733627731636046,-4.8334294110381
"C02126",-4.62761729462433,-1.31664307413929
"C02127",-2.82434218628692,0.53867743910915
"C02128",-4.042561943367,-1.25810582934254
"C02129",-1.08797710640716,1.9094483107484
"C02130",-4.82751029236603,-1.723900392636
"C02131",-2.23363202317047,0.58934985102779
"C02132",-3.96219819290924,4.03262655438549
"C02133",-2.5020894358902,-0.253661170586284
"C02134",-3.40147536499786,-1.94054801760548
"C02135",-2.56088298065948,2.77007643880016
"C02136",-4.52383940918732,-1.11075313387745
"C02137",-4.98909371598053,-1.79017026720875
"C02138",-5.18558018906402,-1.35715468226307
"C02139",-3.78982871277618,0.741871759311024
"C02140",-4.18437760575104,-1.21933908758992
"C02141",-3.41997283203888,3.15049712361461
"C02142",-2.39532225830841,-2.49379713831776
"C02144",-1.76604741318512,2.36871592702037
"C02146",-5.15706675751495,-1.70703275500172
"C02147",-3.81248419983673,-1.70194859801167
"C02148",-1.03198545677948,2.00755493344432
"C02149",-2.86237853272247,-0.573741093262371
"C02151",-2.51968138916778,-2.44912417231434
"C02152",-2.35826819641876,-0.00372522509032123
"C02153",-2.06882470352936,2.52067749203807
"C02154",-1.79773395760345,2.02705995740062
"C02155",-1.66643946869659,2.33383028210765
"C02156",-3.32046550019073,-1.73017711935871
"C02157",-0.889901811912535,2.36964909733898
"C02158",-3.40961068375397,-1.20006163416737
"C02159",-2.11048000557709,1.89527396859295
"C02160",-1.95307224495697,1.74132911862499
"C02161",-5.13122122986603,-0.893061175926861
"C02162",-4.10678618653107,-1.90126760302418
"C02164",-1.54786961777496,2.94847671689159
"C02165",-4.99639504654693,-1.89729340372914
"C02166",-3.29124921067047,-1.9026295691573
"C02167",-4.58154910309601,-1.32168193159932
"C02168",-5.36618893845367,-0.0761794522249066
"C02169",-3.63810103638458,2.99486152829296
"C02170",-1.93693059189606,2.10173670949108
"C02171",-3.72423356278229,3.79227320851452
"C02175",-1.06870072586822,-4.29848439989918
"C02177",-2.63942044480133,-0.0166340414279067
"C02178",0.663352673217775,-1.81013150511616
"C02183",-1.61195557816315,0.468202576056782
"C02185",-3.70802252991485,-1.67054827509755
"C02187",-1.6890110324173,0.545984908953968
"C02190",-4.95151942475128,0.148186579362217
"C02191",-5.12728684647369,-0.210949376209911
"C02193",-5.19307034714508,-0.126330234094795
"C02214",-3.90455907089996,3.75163142384655
"C02216",-3.88341611130524,3.7057084292329
"C02219",-3.89075701935577,3.77269785107738
"C02221",-4.98954289658356,-0.209373876436886
"C02226",-3.10097592575836,3.24967186154491
"C02227",-3.51255839569855,4.31853382290966
"C02230",-2.80260174973297,0.561009988204304
"C02231",0.302904431983949,-1.83259923754567
"C02236",-3.64102166397858,-0.580639377220806
"C02237",-3.16369527085113,-2.31782682238453
"C02238",-3.2589024852066,-2.14359958468312
"C02239",-4.06939786179352,-1.75810594855183
"C02240",-2.16489523155975,-1.39376886187428
"C02242",-2.98644631607818,-2.36966307459706
"C02245",-3.62436717255401,-1.8208230286681
"C02246",-4.66656964524078,2.06523387135631
"C02247",-4.5391988108902,1.88967554272777
"C02248",-2.76364987595367,3.4663924425996
"C02249",-2.28670209152984,0.254271134749714
"C02250",-5.03003924591827,-0.150750264509853
"C02252",-4.24998181565094,2.36596123875744
"C02255",-2.70744794113922,-0.937426879986461
"C02256",-3.95639031632233,3.30126492680675
"C02258",-3.23851531250763,-1.54764516650074
"C02259",-1.14842241509247,-4.15103204546803
"C02260",-3.0466541598587,-1.21287770567768
"C02261",-4.65751307709503,0.0723120495832599
"C02262",-4.60221474869537,-1.99459703265065
"C02263",-2.91902964813995,1.48792485894329
"C02265",-3.3368586848526,-2.09444363413685
"C02266",-3.28357880814361,2.64237777890331
"C02267",-4.36320155365753,1.7036709040559
"C02268",-0.397141153648375,-5.26760013399952
"C02269",-0.814151937797545,-4.54338176546925
"C02270",-0.839193279579161,-4.74014432726734
"C02271",-1.07401030762482,-4.77757079897755
"C02272",-0.972367937400816,-4.97324617205494
"C02273",-0.722092087104796,-5.10082586108082
"C02274",-0.791547710731505,-4.48047883807057
"C02275",-0.156287844017027,-4.8175636082732
"C02276",-0.293034727409361,-4.81077821551197
"C02277",-0.12548571331787,-4.98347909746998
"C02278",-0.116136724784849,-4.98584230242604
"C02279",-1.35268538697052,-4.61459310351246
"C02280",-1.0707065413742,-4.8836265355193
"C02281",-0.427987272575377,-4.64066417513722
"C02282",-0.557629997566222,-4.83845098315113
"C02283",-1.27019947274017,-4.76459510622853
"C02284",-1.45566218598175,4.58810512723095
"C02285",-0.996825392082213,-5.13685233889454
"C02286",-1.27185052140045,-4.6450167447173
"C02287",-1.48623698456573,-4.3261633664214
"C02288",-0.500103170707701,-4.77322109042042
"C02290",-4.09464209778595,-0.32151560483807
"C02291",-1.25354355080414,-4.58288343249195
"C02292",-0.448957378700255,-5.14638526736134
"C02293",-0.938684637382506,-5.19594486056202
"C02294",-0.767493421867369,-4.54521138964527
"C02295",-1.39474194748688,4.60225526990062
"C02296",-1.06398742897796,-4.80107887087696
"C02297",-1.39531415207672,4.60963003338939
"C02298",-1.18028252823639,-4.62627656756275
"C02299",-0.85624354584503,-4.79934795199269
"C02301",-0.898299629524229,-4.97266729174488
"C02302",-1.09480851395416,-4.60273893175953
"C02303",0.579554264709474,-4.57415731249684
"C02304",-0.955635959938048,-4.59777505694264
"C02305",-1.21169822914886,-4.69301183520192
"C02306",-0.892427618339537,-4.92524631319874
"C02307",-0.480636293724058,-5.11454446612233
"C02308",-0.534721786811827,-4.91360910235279
"C02309",-0.517308170631407,-4.55857093630665
"C02310",-0.150381142929076,-4.98254592715138
"C02311",-0.856254989936827,-5.1344056874358
"C02312",0.0901389767379777,-4.9682532101714
"C02313",-0.798944647148131,-5.0618582516753
"C02315",-2.07942026360321,4.25849430264599
"C02316",-2.1781615565567,-1.43516452608937
"C02317",-1.31367319329071,-4.45186288653248
"C02318",-0.842783148124693,-5.04598100481861
"C02319",-0.18654733403015,-5.15631635485524
"C02320",2.98957998053742,0.360105142012898
"C02321",-0.297017032936095,-5.11521251498097
"C02322",-1.92607897026825,4.29650776089794
"C02323",-0.585114414527891,-4.6680913716399
"C02325",0.510397737190248,-1.84450025854939
"C02326",-2.93207638962555,-0.29943011699551
"C02327",0.379610364601137,-1.47632856665486
"C02328",0.736515586540224,-2.11476190386647
"C02329",4.61194617049408,-1.31239242850178
"C02330",-2.58499758942413,0.670341119185749
"C02331",4.99535185591889,-1.14453347025746
"C02332",-1.51618712647247,2.78972761334545
"C02335",-2.2064396689682,3.35798041524059
"C02336",-2.2435125659256,1.99680440129406
"C02337",-2.25540250046539,2.48942653836376
"C02338",-2.50345128281402,3.2512144297517
"C02339",-4.93973153336334,-0.571582570656475
"C02340",-0.0731694052963241,-0.984401419743236
"C02342",-4.80051177246857,-0.682614639385875
"C02343",-2.68289130432892,-0.789040818794903
"C02344",-4.51898377640533,-0.319375202044185
"C02346",-1.97361701233673,-2.17149622736805
"C02347",-1.88692849381256,-2.23743660746449
"C02349",1.33790228264046,-4.94754512606495
"C02350",-2.75612824662018,-1.344634726628
"C02351",-4.19441693527985,-1.55899448691243
"C02352",-4.48693125946808,-0.722107961758312
"C02353",-2.16973632080841,-1.21281488238209
"C02354",-1.92766350014496,-2.13487727938527
"C02355",2.61971521870804,-5.27205665408009
"C02356",-3.84549754364776,-0.585926488026317
"C02358",-3.58353942139435,3.65809337796337
"C02359",-5.20169871552276,-0.512908294781383
"C02360",-2.11251919968414,-1.97329254446858
"C02362",-3.27575677140045,-1.60816951094502
"C02363",-1.580479080513,-2.59126050768727
"C02364",-3.00327056153107,-1.00723911820286
"C02365",-2.61710160477447,3.01566044987804
"C02366",-5.29235928757477,-0.291288420542415
"C02367",-3.28702538712311,-0.490569487198528
"C02368",-4.49575608475494,-0.660992816075023
"C02369",-4.71625750763702,-0.406355515106853
"C02370",-1.57473247750091,-3.24307067690724
"C02371",-2.40615838272858,1.38293699921734
"C02372",-5.05749886734772,-0.563939109429058
"C02373",-4.82755606873321,-0.360034391268429
"C02374",-4.50398104889679,-0.35349003969067
"C02375",-1.54176395638275,-2.27627404032582
"C02376",-3.86419528229523,3.78762762250072
"C02377",-0.136610920265196,-1.14571900664204
"C02378",-2.1768040011673,-1.95737095175618
"C02379",-4.89224522812652,-0.23025394974583
"C02380",-1.66560452683258,-0.570896163567241
"C02382",-2.498203689888,3.89559333027965
"C02383",-5.46239464981842,-0.268190741523441
"C02384",-5.6904005358963,-0.475445553644832
"C02385",-5.1395177195816,-0.256008014067348
"C02386",-2.55547326309967,2.794818565265
"C02387",-3.96066277725983,3.88299076260692
"C02388",-2.95708029969024,-1.45321698485249
"C02389",-4.66285746796417,-0.463823899611171
"C02390",-5.53666442139435,-1.06231935320729
"C02391",-5.69618266327667,-0.369535222634014
"C02392",-3.89633172257233,-0.543691113575634
"C02393",-5.62916892273712,-1.09981866179341
"C02394",-5.45724957688141,-0.97565121947163
"C02395",-5.58295863373566,-0.946793630703624
"C02396",-5.53871482117462,0.0183097496784366
"C02397",-4.94311612351227,-0.287171378716167
"C02398",-2.54384129746246,4.03034298123485
"C02399",-5.60103696091461,-0.61292727290028
"C02400",-4.23335164292145,-0.439739391192135
"C02401",-2.52956145508575,-0.995055690392193
"C02402",-2.77137034638214,2.96316210927135
"C02403",-3.06968491776275,-0.516147389992412
"C02404",-5.54495614273834,-0.640636458977398
"C02405",-2.2331308673172,4.20126239956981
"C02406",-2.9463671992569,0.416761681453053
"C02407",2.47239476935578,-5.71345098315113
"C02408",-2.26757424576568,-0.339101836069759
"C02409",-4.19487422211456,-0.833368673905071
"C02410",0.145958488151552,-2.56960518656605
"C02411",1.95662087695313,-5.2288299351775
"C02412",-1.51460879547882,-4.12516076861256
"C02413",2.62441730992508,-5.55503709612721
"C02414",-3.55276387436676,2.34703151883251
"C02415",2.44986600177002,-5.53620250521534
"C02416",2.26162511603546,-5.13262517748707
"C02417",-3.03616612656402,1.68415240944988
"C02418",2.4821903754921,-5.4923010617339
"C02419",2.21043748156738,-5.27684362231129
"C02420",-3.17664616806793,-0.00329852102630965
"C02421",2.29968655602646,-5.11773021517628
"C02422",2.59514117734146,-5.38468606768483
"C02423",2.57758325831604,-5.42807252703541
"C02425",2.45777309434128,-5.41053302584523
"C02426",-2.2974299739151,2.44672624768383
"C02427",-3.78925984604645,-0.667810454949077
"C02428",-3.87097590668487,-0.590854302033123
"C02429",2.10713366167259,-4.57881362734669
"C02430",2.10656902687264,-4.55708797274464
"C02431",2.43660539881897,-5.16634185610646
"C02432",-3.50059693558502,-2.06502969561451
"C02433",2.33576733367157,-5.50054128466481
"C02434",2.43755686776352,-5.57183511553639
"C02435",2.39318818347168,-5.42584665118092
"C02436",2.46508330599976,-5.50207288561695
"C02437",2.34894842402649,-5.06727178393238
"C02438",-4.21578162415314,0.0521283969438709
"C02439",2.58879352109146,-5.69532115755909
"C02440",2.54003203408432,-5.34426839648121
"C02441",2.55604988829804,-5.53452403841847
"C02442",-4.32367318375397,-0.34508492050999
"C02443",2.48235321538162,-5.2361746579253
"C02444",2.45249271886063,-5.21310670672291
"C02445",-4.96122878296661,-1.74069674311512
"C02446",1.8514620562048,0.0570524037039912
"C02447",2.1110703994484,-4.3875065594756
"C02448",2.40875399605942,-5.45626552401417
"C02449",-3.00269215805816,2.72767774762279
"C02451",2.30902398125839,-4.84268529711598
"C02452",-3.81297915680694,2.08996622265941
"C02453",2.10766777889443,-4.32830436526173
"C02454",-0.0796566556243881,-4.96428926287525
"C02455",-2.85935490830231,2.74345628918773
"C02458",2.23528689639282,-5.37626178561085
"C02459",2.58009368674469,-5.66134174166554
"C02460",-2.84021180374908,-1.8530758172118
"C02461",2.54377955691528,-5.61023195086354
"C02462",2.12863377229881,0.121022656575505
"C02463",-2.76142018540191,1.12054221333629
"C02464",-2.56134885056305,3.14916293324596
"C02465",-2.31878703339386,2.9619135111726
"C02466",-2.15202778084564,3.51488034428722
"C02468",-2.57405703766632,3.53355924786693
"C02469",-2.11596267922211,3.38961069287426
"C02470",-1.9331721614151,2.73210017384655
"C02471",1.81319595621538,0.0430775508440173
"C02472",-3.92936461670685,0.588766679183308
"C02473",-1.94757741196441,2.53712169827587
"C02474",1.63777959840012,-0.115554921313461
"C02475",-1.61901396019745,2.72734849156505
"C02476",1.75186912277353,-0.0753382406973206
"C02477",-2.43382304413605,0.904518887416188
"C02478",-3.6464380572586,0.280462935582463
"C02479",-0.675845081642149,0.847560867682759
"C02480",-4.88507884247589,1.90453533829815
"C02482",-4.87299960358429,1.88704232873088
"C02483",-4.04260485871124,3.02726189793712
"C02484",-4.24799531204986,2.86391513051159
"C02485",-4.01734297974396,3.08195392789013
"C02486",-3.80217974884796,3.09055463971264
"C02487",-4.44102662308502,2.32759587468273
"C02488",-4.86935418350983,2.14825861157543
"C02489",1.96316175656033,0.0842255130565799
"C02490",-4.05425255997467,1.0861444920457
"C02491",1.67686568693829,-0.0256506660797559
"C02492",0.285770123168947,-1.19219584761494
"C02493",-3.61276715500641,3.46961538495189
"C02494",-1.78945129616546,2.14064137639171
"C02495",-1.54219859345245,-1.76147647200459
"C02496",-2.35965436203766,-1.38250346480244
"C02497",-1.97606986267853,4.12620060147411
"C02498",-2.77549355728912,-1.27566011248463
"C02500",-1.86407106621551,-1.81671364603871
"C02501",-1.91862481339264,-1.29278202353352
"C02503",4.31526977317047,-0.124657116814788
"C02505",-2.72363942368316,1.79981653393871
"C02507",-2.50597422821808,-1.21719272433155
"C02508",-2.38277667267608,2.07369463147289
"C02509",-1.96771496041107,-1.76423640547627
"C02511",-5.09414666397858,-0.441580489262279
"C02514",-4.14738744004059,-0.904426112755474
"C02515",-1.43931978447723,-2.27612216769093
"C02516",-3.09868663056183,-0.853289678677257
"C02517",2.51057667033386,-0.229971170409855
"C02518",-1.26680701477814,2.71782295407421
"C02519",-2.5664500544815,-1.28274770079487
"C02520",-1.99945252640533,4.07162515820629
"C02521",-2.04414075119781,4.19891731442577
"C02522",-2.66387551529693,3.46384398640758
"C02524",-2.22054594261932,4.0357021540559
"C02525",-3.12005227310943,2.67692844571239
"C02527",-1.60192173226166,-1.2848659306609
"C02529",-4.21399396164703,-0.836306884869274
"C02530",-2.14565652115631,3.60766474904186
"C02531",-3.24324124558258,3.68768016995556
"C02532",-5.35951321823883,-1.08968897162312
"C02533",-3.48481744034576,4.17833416165477
"C02536",6.25885826842499,-0.727821364983257
"C02537",1.38472196953011,-0.341441646202739
"C02538",-3.5709256480484,4.36373226346142
"C02539",4.33200818793488,-1.30208881197804
"C02540",-2.63693850739288,3.5683325976289
"C02542",5.22605306403351,-1.37844319640034
"C02543",-3.27800172074127,4.29200451077587
"C02544",1.89777711527062,0.0949325189150012
"C02545",-4.90602963669586,-1.75203342734211
"C02547",-1.25381534798431,2.78284709157116
"C02548",-1.53942387802887,-2.4526077061736
"C02549",-1.09524601204681,3.057678148166
"C02550",-4.52019923432159,-0.693848267182049
"C02551",-1.89201253159332,-1.85469062624806
"C02552",-2.88947146637726,-2.52132280169361
"C02554",-2.09151571495819,3.32478801907665
"C02555",-1.73256581528473,-2.54974587260121
"C02557",-1.73907774193573,-2.3893957882964
"C02558",-1.67083423836517,-1.69855959711903
"C02559",-1.75322502358246,-2.58496291933888
"C02560",-1.59130590660858,-2.67130430041188
"C02561",-1.82001727326202,-2.7304590493285
"C02563",-1.83704870446014,-2.06028015910023
"C02564",-3.64224427445221,4.06068031491405
"C02565",-2.36387484772491,0.774442896262471
"C02566",-1.63533347351837,3.0450011938966
"C02569",-3.20058387024689,-1.41523917017811
"C02571",-1.97591608269501,3.30632226170665
"C02572",-5.0652899096756,-1.8655132800185
"C02573",-4.45295375092316,-1.35081751643055
"C02574",-1.01799076302337,2.77484671773082
"C02575",-2.33204024536896,-1.84993262587422
"C02576",-3.7870539973526,-1.98373635111683
"C02577",-1.50728743775177,2.91272227467662
"C02580",-3.26602977021026,2.9122297018922
"C02581",-4.15235560639191,2.62523429097301
"C02582",-4.25043767197418,2.86327545346386
"C02584",-4.11488764984894,3.03532950581676
"C02585",-3.67404978974151,2.91662804783947
"C02586",-4.73318856461334,2.21992819012767
"C02587",-4.96446030838776,1.77097658814556
"C02588",-2.17461674912262,2.29119674862987
"C02589",-3.56743663056183,3.80413620175487
"C02590",-4.97553437454986,1.91772226990825
"C02591",-4.92873376114654,1.90999619664318
"C02592",0.259633248016359,-1.29216952620381
"C02593",-5.29734652741241,0.0350312180972732
"C02595",-2.16701882584381,3.05667416752941
"C02596",-3.32775490982818,4.07408277691967
"C02597",-3.35451691849518,4.12044994534618
"C02598",-2.41372054322052,-1.12415631113881
"C02599",-3.51997512085724,-2.5265389233672
"C02600",1.03778088586044,-2.79125769434803
"C02601",-1.98733466370392,2.64652650059826
"C02602",-3.44097560150909,2.46224920453197
"C02603",0.556163971588136,-2.57635147868031
"C02604",1.55935813979817,-3.39433820544117
"C02605",1.35000578062248,-3.10671932993763
"C02606",3.98641831175995,-2.05940397082203
"C02607",1.0543811966629,-2.94624002276295
"C02608",1.20118910567475,-2.96599920092457
"C02609",-4.020824367836,2.70143668355114
"C02610",0.909801011249544,-2.84318764506214
"C02611",-4.14272444947052,2.55251948536998
"C02613",-3.5241350482254,4.31995765866405
"C02616",-1.66922538979339,-1.98626156149739
"C02618",-4.98126261933136,0.166430950180355
"C02619",-2.04133146508026,4.35066215695507
"C02620",-0.520811016395567,3.07295052708751
"C02621",-2.96449321015167,-0.435995414837536
"C02622",5.3706710983963,-1.50497217474812
"C02623",-2.28342431290436,4.24134533108837
"C02624",-5.78558057053375,-0.698162928208049
"C02626",-4.24934762223053,3.12206594647533
"C02627",-3.86081736786651,3.74942819775707
"C02629",3.79317051665497,-0.530589953049358
"C02631",3.09973186747742,-0.474329158648189
"C02632",3.85371667639923,1.4789120406068
"C02633",4.68573552863312,1.47244660557872
"C02634",5.8353939701767,1.64960806073314
"C02635",6.72844607131195,0.171410992757145
"C02636",3.86966020362091,1.6906401366151
"C02637",4.60889202849579,-0.110561266525921
"C02638",3.88591892020416,-1.94070465861195
"C02639",5.40044504897308,-0.196086883529361
"C02640",2.8206005741806,-0.624289765938457
"C02641",5.44427425162506,2.09427182377941
"C02642",5.57492954032135,-0.517590269430813
"C02643",4.03637463347626,-0.68428535757893
"C02644",2.57759732501221,2.8457664698518
"C02645",-0.181140715911864,-0.857887878998455
"C02647",4.221598212883,2.00054065884716
"C02649",4.95549113051605,2.1905831545747
"C02650",3.41008836524201,-0.370656833037075
"C02652",3.92779261367035,-0.922024622543987
"C02653",3.44942766921234,-0.499784305676159
"C02655",4.10265332953644,-1.32803376017445
"C02656",6.60875946776581,-0.328523948773082
"C02657",6.82675558821869,-0.100618779643711
"C02660",5.54375440375519,-0.017252834498223
"C02661",4.93170291678619,2.5832387656129
"C02662",3.66211385028076,-0.369089499100383
"C02665",4.18621165053558,-1.61064977942341
"C02666",6.02408034102631,-0.193404763921436
"C02667",3.14416319625092,3.27204529942638
"C02668",4.18131572501373,-1.5368407517516
"C02669",5.45190936820221,3.11050789059765
"C02670",6.39693028227997,1.6935538500703
"C02671",6.2627039601059,0.636137232199971
"C02673",6.61246544615936,1.31352405251629
"C02674",4.47945386664581,-0.331488981827434
"C02675",6.36029869811249,-0.482247158869442
"C02676",6.8143659283371,0.499103710070912
"C02677",6.41646868483734,-0.290613546951946
"C02678",3.42040175692749,-0.0251087853674936
"C02679",5.731443708107,1.61173538865215
"C02680",3.1412302901001,-1.25679941473835
"C02681",2.70977205531311,0.365824922934834
"C02682",2.82127088801575,0.595769450084034
"C02683",6.44848162429047,1.11437968911296
"C02684",4.98220950858307,1.33239381016857
"C02685",-3.29591744644928,-1.31599719820851
"C02687",5.34553725020599,2.89419595898754
"C02688",3.37755781905365,0.766169533149067
"C02689",5.75912648932648,2.19674913586742
"C02692",3.60259467856598,-0.111377418025669
"C02693",4.58277613417816,1.99150817097789
"C02694",4.83507186667633,0.440813645736042
"C02695",6.45740563170624,0.40120105446941
"C02696",6.42771345870209,1.19465617837078
"C02697",6.0519557644577,1.97067300976879
"C02698",6.24327713744354,-0.578270211800274
"C02699",4.32464820639801,-1.79982216654652
"C02700",6.6197653462143,0.900845751181904
"C02701",2.34655446307373,-1.55990703402394
"C02702",2.53617322938156,-1.63089795409077
"C02703",4.91047698752594,1.97257570923931
"C02704",5.46613461272431,0.10544428230888
"C02706",6.76446921126557,-0.0218848804787659
"C02707",4.22311574713898,-0.250807598217663
"C02708",4.64872342841339,2.80454866589672
"C02710",6.27354437606049,-0.244705840929683
"C02711",4.86421973006439,2.3444384783662
"C02712",5.03130299346161,0.254301324502293
"C02713",-3.46146863205719,1.94799272717601
"C02714",5.15545136229706,1.77970282734996
"C02715",6.21989924208832,1.37684325875408
"C02716",3.66560262934876,-1.48782642184132
"C02717",3.80087811248017,2.86346714200145
"C02718",5.24765760199738,2.16512601079113
"C02719",4.84394509093475,-1.37365742026204
"C02720",3.47930962340546,3.42747943104869
"C02721",6.82668024794769,0.370194926873509
"C02722",3.96400315062714,-0.420710250719722
"C02723",6.56639057891083,1.5177578181184
"C02724",4.37178999678803,2.58049075307018
"C02725",6.59946066634369,-0.360386326893505
"C02726",4.36901408927155,-1.3311864882552
"C02727",5.74213940398407,-1.2984853535735
"C02728",6.19078690306854,1.56922285260326
"C02729",-2.06582325203705,-2.22790987788075
"C02731",5.74844772116852,1.51832048596508
"C02732",6.09969717757416,1.20245270432598
"C02733",5.03209215895844,-0.314281567915615
"C02734",3.32851380603028,-0.374860003575023
"C02735",5.41825396315765,3.16062085332042
"C02736",4.68511826293182,2.84447877110607
"C02737",3.03708357112122,-0.854656055554088
"C02738",4.03326637046051,-0.453308537586864
"C02739",5.54390460746002,3.08867423237926
"C02740",4.62299711005402,-1.13664872942799
"C02741",6.77740580336762,0.29950998725063
"C02742",5.03295332686615,2.0196265429414
"C02743",2.81365877883148,-1.4361931830489
"C02744",5.68427736060333,1.79340641202098
"C02745",4.65471131102753,2.44106642903453
"C02746",5.03335339324188,-1.66858895121449
"C02748",6.39176184432221,1.62904517354137
"C02749",3.18805033461762,0.199852287784878
"C02750",3.10966355101776,-0.597557798012432
"C02751",6.02992207305145,1.6590878218568
"C02752",3.01820904509735,0.187693849221531
"C02753",6.74680191771698,0.0605503171837962
"C02754",4.68011338011932,-0.157596260293659
"C02755",5.25248486296845,1.0249063223756
"C02756",4.55027348296356,-1.92425210772389
"C02757",4.06105810897064,2.98862116040355
"C02758",6.50326353804779,0.238157466069523
"C02759",5.35189706580353,2.90260188283092
"C02761",5.57520753638458,1.35614423455364
"C02762",6.14673334853363,1.58274583520061
"C02763",4.1438427616806,-1.25839753447407
"C02764",5.23245937125397,2.4450985640443
"C02765",3.96682388083649,3.0442663878358
"C02766",6.83849198119354,0.498234853164021
"C02767",3.91562062995148,1.75440149010784
"C02769",6.45922238127899,1.44883780182964
"C02770",6.52316672103119,1.63763551415569
"C02772",5.53771359221649,-0.28560946880215
"C02773",-0.780758316352843,-1.58349759875172
"C02774",3.92403418318939,-0.707685366257366
"C02775",4.94871384398651,1.26077453793651
"C02776",6.00353104369354,2.19946949185497
"C02777",6.45215851561737,1.4307079762376
"C02778",2.36870009200287,-1.59962995348805
"C02780",3.41257757441712,-0.26081845162743
"C02781",2.8985385348053,-0.787548974140819
"C02782",5.36163050429535,2.94906370343334
"C02784",3.58210975424957,3.07703344525463
"C02786",5.59331065909577,3.09549967946178
"C02789",6.16286284224701,-0.737631276234325
"C02790",2.92308599250031,-0.748141601666149
"C02791",4.5118916680069,0.0155336670733131
"C02792",-3.81179135544586,3.17186348141796
"C02793",2.90167421595764,-0.178977251037296
"C02796",5.7261148144455,-0.144240491076645
"C02797",5.93379122512055,2.19994394482738
"C02798",4.05067474143219,-1.48688681422108
"C02799",5.43918639914703,0.434824511424366
"C02800",4.02538711325836,2.00869672001964
"C02801",3.54841334120941,0.306110426799122
"C02802",-3.16125338776398,3.8824342936433
"C02803",4.08822161452484,2.81049339474804
"C02804",4.63243371741486,2.1268190592683
"C02807",6.84107023970795,-0.0767509378337227
"C02808",4.91933233039093,-1.78209908305043
"C02809",5.83765560881806,-0.557178989037212
"C02810",0.639341657325746,-1.55991800127858
"C02811",5.47611672179413,2.23625509442455
"C02812",3.7838221241684,-0.673253491505321
"C02813",3.56222957865906,-0.39074732361668
"C02814",5.26247436301422,0.120603650823895
"C02816",3.73416132228089,-0.970099702461895
"C02817",2.53798211114121,3.18396656216747
"C02818",3.94852811591339,-0.310662761315044
"C02819",4.14239150778961,1.99728290738231
"C02820",6.55245978133392,-0.179435446842846
"C02821",3.68922263877106,0.857787594214741
"C02822",5.99079329268646,1.82746081055767
"C02824",4.29492980735016,-0.95544447003239
"C02825",6.04518276946259,1.86841838063366
"C02826",3.88585407035065,-1.27629537878865
"C02827",3.46602339045715,-0.574377909287151
"C02828",6.16972214476776,-0.808350995167431
"C02830",4.23293644683075,2.82837907971508
"C02832",5.55258995787811,-0.694672539814647
"C02833",5.65804726378632,2.58731119336254
"C02834",3.41300577418518,0.0439858213222659
"C02835",6.46193844573212,1.18032173813945
"C02836",5.45156676070404,-0.749120190724071
"C02838",6.55279452101898,0.75775645674831
"C02839",3.83247358100128,-1.08447881041401
"C02840",5.5504589726181,0.579353973285023
"C02841",3.01805550353241,-1.46998138724202
"C02842",3.76399332778168,-1.37928469477528
"C02843",5.68589336173248,-1.32298894224995
"C02844",5.88480526702118,0.48103390635616
"C02846",5.19712192313385,0.233084991589848
"C02848",-4.06600278122711,3.25481431187755
"C02849",6.03143793837738,2.2521955222047
"C02851",2.88577634589386,-0.407374665125545
"C02852",3.05939621226502,-0.665979757889446
"C02854",3.38160199420166,3.4713904112733
"C02855",-3.47028392060089,-1.36984308062428
"C02856",4.12290388838959,2.93600766362316
"C02857",6.24285561339569,-0.690596178158458
"C02861",4.6949582745285,-0.087073720976051
"C02862",3.681443875,0.968703851119343
"C02863",4.2610166718216,-1.35826404391163
"C02864",4.43534046904755,2.71368257702953
"C02865",-4.06138652069855,-0.329266831263241
"C02867",2.81120735900116,-1.26382847128743
"C02868",4.15393311278534,-1.60501594839924
"C02869",4.86834770934296,2.28525130452282
"C02870",2.93107301490021,0.690858528033558
"C02871",5.51619655387116,1.75812594594127
"C02872",6.74308640258026,0.0645410865700878
"C02873",4.93361312644196,0.503261610881153
"C02874",4.01168782012177,-2.05376346407765
"C02875",4.6729970623703,0.0965663343823589
"C02876",4.03222352759552,3.01511876286632
"C02877",4.82175380484772,-0.479058161362346
"C02878",4.56121570365143,-0.00422549246185653
"C02879",3.78506881491852,-1.52044184504383
"C02880",6.47459751860809,0.0328995399332679
"C02881",5.90456825988007,2.31224147977001
"C02882",6.35493571059418,1.50822810830242
"C02884",5.01466924445343,1.12109284104473
"C02885",5.79451901213837,1.98522178830272
"C02886",5.59318835036469,-0.288578614576992
"C02887",4.74590355651093,-0.728689566239055
"C02888",5.82036740081024,2.75597421826488
"C02890",4.72163707511139,1.5025195330537
"C02892",2.48861891524506,-1.25894518195027
"C02893",5.08351356284332,3.03436915578014
"C02894",4.9155131031723,2.73712818326122
"C02895",3.90152198569489,1.93746392430431
"C02896",4.48422772185516,2.02797715367443
"C02897",4.14676052825165,-0.189475089296039
"C02899",5.04721767203522,2.38566415013439
"C02901",4.34130150572968,-0.648374393566784
"C02902",2.76387805239868,0.446366801873509
"C02903",1.80977433668089,3.03421537579662
"C02904",5.15064389006806,2.25937192143566
"C02905",6.08818394438934,-0.975971892460521
"C02906",6.31939512984467,-0.774973407372173
"C02907",2.4886509229393,-1.68653829394215
"C02908",5.14090306060028,0.0220313668406642
"C02909",4.38867456214142,2.63322989644176
"C02910",6.61973244445038,1.21444909276134
"C02911",3.76462299124909,1.44355981053478
"C02912",3.47219342486572,-0.702598825081524
"C02913",2.85432440535736,-1.5823101550185
"C02914",3.77432591216278,-1.27558036146992
"C02915",3.06987315909577,-0.253124222143825
"C02916",3.89255720870209,1.65532712639934
"C02917",3.899825399086,1.86153571309215
"C02918",3.26819926993561,0.0717749968326724
"C02921",-0.764991218879698,1.3850274533189
"C02922",6.06657606856537,1.30999760331279
"C02923",4.13370091216278,1.38000802697307
"C02924",3.7783129860611,1.50352327527172
"C02925",3.99754173056793,-0.627029612644848
"C02926",4.14488488928986,-0.83014865218037
"C02927",2.71579880015564,-1.47182925043934
"C02928",5.91900402800751,1.43282775582439
"C02929",3.13901716963959,-1.28533859549397
"C02930",4.60176498191071,-0.549755588158306
"C02931",-4.00839036209869,-0.00264006479018562
"C02932",4.06727797286224,-1.63041992483967
"C02933",3.88288933531952,-0.0748188756250703
"C02934",3.9781740357132,-0.423813477142986
"C02935",2.40359110133362,-1.48562832175129
"C02936",5.31345636145783,2.04627816380626
"C02937",4.52837664382172,1.94818918408519
"C02938",6.53868395583344,0.803325280562702
"C02939",6.51278931395722,0.628159627333943
"C02940",2.31737494961929,-1.54798193274372
"C02941",6.6000834156723,1.29802624882824
"C02942",3.04114324347687,-0.493487015350994
"C02943",3.58868462340546,0.057510726169411
"C02944",1.80442260885251,2.87624303998119
"C02945",5.21487766997528,1.8936053961671
"C02947",5.47828943030548,0.393747970477406
"C02948",5.07553464667511,2.09222237767345
"C02949",3.58496779696655,-0.498048797234234
"C02950",-0.668579990699766,-1.9240328818404
"C02951",5.14930946128082,2.10924498738414
"C02952",6.62772900359345,-0.441229626520809
"C02953",6.34402567641449,0.0923368930972255
"C02954",3.68246251837921,-0.685179010018047
"C02955",6.18865114943695,1.67639379204876
"C02956",5.88122612731171,1.77344457806713
"C02957",5.00235492484284,1.21060352028972
"C02958",2.60163099066925,-1.41704471407765
"C02959",5.58065230147553,1.41654448212749
"C02960",2.68665409581375,-1.50252576170796
"C02961",4.09577328459931,-1.47206051646107
"C02962",5.60781366126251,2.69274418057567
"C02963",4.31809431807709,2.26135580243236
"C02964",3.75638455645752,-0.643301501854595
"C02965",5.16637760894013,2.81025378407604
"C02967",5.49936229483795,1.91578821839458
"C02968",3.54325622813416,-1.75727982817524
"C02969",4.20938283698273,-1.80824549494618
"C02971",3.56431371466828,-0.181806102379497
"C02972",4.30965716139984,2.62818329037792
"C02974",4.0613358666153,1.95216028393871
"C02975",4.6029937912674,-0.147035144253906
"C02976",3.13951868312073,-0.374241396769222
"C02977",4.03060156600189,-1.57593770323628
"C02978",5.91046244399262,2.23104350270397
"C02979",4.25395924346161,2.53808443249828
"C02980",5.09887487189484,2.19059364499218
"C02981",2.33798760668945,3.23305504025585
"C02982",1.70432284967613,3.3081561774171
"C02983",1.51724374787522,2.97048084439403
"C02984",3.0314856220932,2.49729840458995
"C02985",-3.54744761688995,-0.176169589146312
"C02986",1.91768797235203,3.16590134801036
"C02988",1.49198014037323,2.71741645039684
"C02989",1.72989521296334,2.94377867879039
"C02990",2.42646754281235,3.31312935055858
"C02991",3.83755046622467,-0.126734226926502
"C02992",2.2961689283104,3.26432935895092
"C02993",2.47703797118378,-1.29926963148945
"C02994",-3.13102381928253,0.323863104001347
"C02995",3.02436537043762,3.25688783826
"C02998",4.52095610396576,-1.54600520430439
"C02999",2.91897303359223,3.32422940434581
"C03000",3.08960682646942,3.20740763844616
"C03002",3.3343147684784,3.3891960829652
"C03003",3.01997811095429,3.397761508838
"C03004",5.49656731383515,0.00120870956844456
"C03005",4.16965371863556,2.06679551304943
"C03006",-0.360855038002013,-0.61445029078358
"C03007",3.13734263674927,2.73778192700512
"C03008",1.56946252779675,3.0752414912141
"C03009",-1.7724272559433,-2.62722046671742
"C03010",-2.15485828621673,-2.58211834727162
"C03011",2.03944764034462,2.50979845227367
"C03012",1.33326524989319,2.67337648572094
"C03014",1.25125170247269,2.60720245541698
"C03015",3.06715161101532,2.65847413243419
"C03016",-0.313143665626524,-1.6916396170699
"C03018",0.0992769648284928,-1.22358842192524
"C03019",3.6289570976944,2.25889270009166
"C03020",3.8804321934433,2.68767993153698
"C03021",2.48287153737259,2.80497114361889
"C03022",-3.44774430496979,0.160291567460362
"C03023",2.30935991303635,3.33656065167553
"C03024",3.1136743475647,3.00063626469738
"C03025",-3.06736701233673,4.05105154217846
"C03027",-3.37674754364776,-0.0727845765494668
"C03028",3.48350185649109,3.32699768246776
"C03029",-2.34408038361358,-2.3445583134734
"C03030",2.15312451617432,3.25008909405834
"C03031",-3.37255185349274,-0.305249318464931
"C03032",1.04457247750473,2.37579886616832
"C03033",1.1533227016182,2.78705088795787
"C03035",-2.5962089846878,-1.32961256800526
"C03036",3.95253521697235,2.96429149808056
"C03037",-3.71124070389557,-0.765521123989757
"C03038",3.45724231497955,3.17714945973522
"C03039",1.60646613435459,3.10616557301647
"C03040",2.89493197695923,3.4817721098817
"C03041",1.34417886035156,3.05553071202404
"C03042",2.41909051434708,3.02880732716686
"C03043",4.79254109160614,2.08619110287792
"C03044",1.41398484008026,2.57535664738781
"C03046",2.97095042960358,3.43266479672557
"C03048",-3.27605336411285,3.69924823941356
"C03049",1.67065613465023,2.98799817265636
"C03050",2.14029437796784,3.39486066998607
"C03051",-3.5383738826065,-0.668681696041759
"C03052",3.57998472945404,3.22163622082836
"C03053",3.13900000350189,3.42947523297435
"C03054",1.24481416241837,2.52456943692333
"C03055",3.40672034518433,3.17035405339367
"C03056",2.94369370238495,3.47617332638866
"C03057",2.87678558127594,3.49635116757518
"C03058",2.91984469191742,3.48975412549144
"C03059",2.67370093362045,3.42433564366466
"C03060",-2.25414126618194,-2.6707723885619
"C03061",1.64291762308788,2.91592566670543
"C03062",2.92108494536591,3.38887540997631
"C03063",1.45027271406365,3.04253260792858
"C03064",2.06402725474548,3.20637743176586
"C03065",5.52465063826752,3.05593602360851
"C03066",5.09271270529938,-1.52929086981648
"C03068",2.03331834571076,3.18651048840648
"C03069",4.8825016667099,1.7111502140916
"C03070",2.08180663482857,3.24076525868541
"C03071",3.16493112342072,3.42881695927745
"C03072",3.15243965880585,2.84671513737804
"C03074",0.572728221580507,-1.85969538985127
"C03075",-0.272788698509215,-1.45955033598774
"C03076",1.03929263846588,-2.72033555804127
"C03077",0.565326397583009,-1.96463485060566
"C03078",-1.47235363228607,4.53839819134838
"C03079",-3.03282159073639,-0.671870842560466
"C03080",0.888872628376009,-2.11354620753163
"C03081",0.660164778396608,-2.23191840945118
"C03082",0.47242004172516,-1.7516639977538
"C03083",0.630536143943788,-2.22377093134755
"C03084",0.49057931201172,-2.00782532988423
"C03085",0.600000446006776,-2.0807860642516
"C03086",-4.36190837128448,-1.19801433382862
"C03087",0.720520322486879,-2.0704146176421
"C03088",-2.55125706894684,1.57892505826122
"C03089",5.23075372473908,-1.43215699492329
"C03090",-3.1531838725357,0.980015441790882
"C03091",-1.12952678902435,0.49234662951595
"C03092",-1.76346104843902,2.22080580891735
"C03093",3.90174180762482,-2.11995275317067
"C03094",-3.09399026139068,-0.738515093907055
"C03095",-1.28793829186249,1.33584706486827
"C03096",-2.47065728409576,3.54994837941295
"C03097",-5.23539822800445,-1.88943405447834
"C03098",-1.75140588982391,2.6390854567445
"C03100",-1.02771514160919,0.828969463721577
"C03101",5.21382648246002,-1.54301340876454
"C03102",-1.05373018486786,1.22191075982219
"C03103",-2.17980902893829,3.86497871579296
"C03104",-2.44904416306305,0.889394566432301
"C03105",-3.96759169800567,-1.33458347617024
"C03106",-2.4441789935379,3.78013341130382
"C03107",-0.675710851982115,-0.16823910175198
"C03108",-4.50789445145416,-1.79468186198109
"C03109",-1.12038748963165,1.36824326218731
"C03110",-3.72146504624176,-1.76746840773457
"C03111",-3.87496798737335,-1.96418769656056
"C03112",-2.39777224762726,4.03377096356517
"C03113",-3.47625106079864,1.21463029088146
"C03115",-1.2047740767746,1.77230314911968
"C03116",-3.55732100708771,-0.972248092278179
"C03117",-0.816249782875059,0.708554610625569
"C03118",-0.700281555488585,0.970851942912403
"C03119",-4.93836158020782,-0.401017621143993
"C03120",-1.8644830535202,2.73862020672924
"C03122",-0.577970678642271,0.483782812968556
"C03123",-1.0033556769638,1.49353186787731
"C03124",-3.22488110764313,3.05479852856762
"C03125",-2.40703290207672,2.14845816792614
"C03128",-1.66628187401581,1.21696417035228
"C03129",-1.07580202324676,0.416026696578327
"C03131",-5.16253703339386,-1.88105483351582
"C03132",-1.22329467041778,1.7579168528474
"C03133",-2.13322203858185,2.82733409108287
"C03134",5.29529744879913,-1.20572240649098
"C03135",-1.3733884642868,1.58171968163616
"C03136",-5.45590441925812,-1.63266964255207
"C03138",-1.28366058571625,1.95763663949138
"C03139",-3.49954503281402,0.994384333506886
"C03140",-2.72095196945953,2.73695342244274
"C03141",-1.8793551276474,1.04200224579937
"C03142",-5.17470162613678,-1.81147916613453
"C03143",-3.48226016266632,3.21292607487804
"C03144",-2.97709935410309,2.28260080517894
"C03145",5.22856671111298,-1.53179498015278
"C03146",-5.41984217865753,-1.64349313078755
"C03147",-2.21156829102325,2.10477201642162
"C03148",-1.18457167847442,1.75919644536144
"C03149",-1.98905032379913,-2.09383995829457
"C03151",-4.20662158234405,2.17455546559459
